Cluster_label,Cluster,Deployer,Developer,Victim
AI-Driven Platforms and Consumer Ecosystem,0,"['national aid fund', 'society for the prevention of cruelty to animals', ' navihealth', 'national eating disorders association', ' csaa', 'turnitin', 'niantic labs', ' narxcare', ' fresherslive']","[' unicef', 'neusoft', ' world food programme', 'turnitin', 'niantic labs', ' nabla', 'navihealth', 'vigilant solutions']",[]
TikTok Users and Demographics,1,"[' tiktok user @drphilshowtv', 'unknown tiktok user', ' tiktok user @d.news.tv', 'tiktok', 'tiktok users', ' unknown tiktok users from iran', 'unknown tiktok users from china', ' unknown tiktok users from vietnam', ' unknown tiktok users from nigeria', ' tiktok user @ynewstv2023', 'tiktok user @e.news.tv', ' tiktok users', ' tiktok']","['tiktok', ' tiktok']","['young tiktok users', ' tiktok users under 18 years old', ' gen z tiktok users', ' tiktok content creators', 'tiktok users', 'tiktok young users', 'tiktok content creators of marginalized groups', ' tiktok users', ' tiktok young users', 'tiktok male teenager users', ' tiktok male users', ' tiktok teenage users', ' tiktok new users', ' tiktok']"
"Authors, Publishers, and Intellectual Property Stakeholders",2,"['clarkesworld story submitters', 'unnamed manchester litigant', ' addleton academic publishers']","['unknown developer of automated underwriting technology', ' addleton academic publishers']","[' authors of copyrighted works', 'authors', 'plagiarized entities', ' cody enterprise readers', "" james guthrie's co authors"", 'publishing editors', ' wikipedia editors', ' publishers', 'unnamed manchester litigant', 'intellectual property rights holders', ' ian hanomansing', 'unnamed property owner']"
"Public Figures, Celebrities, and Influential Organizations",3,"['drake', 'michael cohen', ' vladimir putin', 'donald trump', 'jared mumm', 'who', ' elon musk', 'meta', ' meta']","[' unnamed', 'unnamed', ' shotspotter', 'shotspotter', 'who', 'meta', ' meta']","[' estate of tupac shakur', ' drake', 'ferdinand marcos jr.', ' snoop dogg', 'unnamed pedestrian', ' hillary clinton', 'barack obama', ' elon musk', 'the guardian', 'celebrities', 'tupac shakur', 'pope francis', ' donald trump', ' celebrities', ' dick cheney', 'michael cohen', 'steve harvey', 'donald trump', ' george soros', ' pope francis', ' matthew amroliwala', ' meta']"
"Legal Systems, Professionals, and Exam Governance",4,"[' commonwealth legal', 'virginia courts', ' organizations requiring legal research', 'malaysian judiciary', 'legal professionals', ""california bar's committee of bar examiners"", ' malaysian courts', ' law firms', 'uk office of qualifications and examinations regulation']","[' examity', 'uk office of qualifications and examinations regulation']","[' clients of lawyers', 'leaving certificate exam takers', ' flagged california bar exam takers', 'california bar exam takers', ' turkish yks exam takers', "" lawyers and other experts who were not informed of the tool's limitations"", ' manchester court system', ' uk ets test takers', 'legal professionals', ' legal system', ' new york lawmakers', ' deloitte', 'uk ets past test takers']"
"AI Technologies, Developers, and Applications",5,"[' accessus.ai', 'playground ai', 'ever ai', ' romantic ai', ' espn generative ai services', ' perplexity ai', ' ai image creator', ' leonardo ai users', ' emea robotics', 'stability ai', 'unknown ai developers', 'allen institute for ai', 'ai addict', '15.ai', ' ai overview', ' crushon.ai', 'pony.ai', ' eva ai chat bot and soulmate', 'sit acronis autonomous', 'meta ai', ' s.a.r.a.h. (smart ai resource assistant for health)', 'developers using ai generated suggestions', 'clearview ai']","[' unknown ai text to speech technology developers', 'unnamed ai chatbot', 'various ai image generators', ' turing robot', ' accessus.ai', 'unknown ai music company', 'playground ai', ' qure.ai', ""microsoft's ai research division"", ' various ai image generators', 'ever ai', ' romantic ai', ' espn generative ai services', ' emea robotics', 'stability ai', 'unknown generative ai tools creators', 'unknown ai developers', 'ai tool creators', 'allen institute for ai', 'leonardo ai', ' stability ai', '15.ai', ' crushon.ai', 'pony.ai', ' eva ai chat bot and soulmate', 'sit acronis autonomous', ' unknown ai developers', 'meta ai', ' clearview ai', 'undress ai', 'clearview ai', 'viogen algorithm development team', ' softbank robotics', 'epiphany ai']","['sit acronis autonomous', 'ever ai users', 'robotics consultant', 'stability ai', ' turing robot', '15.ai', "" designers and developers using figma's ai tool"", 'developers and businesses incorporating ai suggested packages', ' meta ai', ' 15.ai users', ' perplexity ai', ' ai companies facing reputational damage', ' scale ai']"
"Universities, Applicants, and Academic Ecosystems",6,"['university of toronto', 'canadian universities']",['sas institute'],"[' university job candidates', 'female applicants', ' research grant applicants', ' university faculty', 'university of toronto bipoc students', ' african american applicants', 'university hiring committees', ' applicants over 40', ' applicants with disabilities']"
"Organizations, Venues, and Community Stakeholders",7,"['cadillac fairview', ' dragonbridge', 'lionsgate', 'inverness caledonian thistle football club', 'boston dynamics', ' bnn', ' new world westend', ' pinecrest academy horizon', 'the bl', 'hoodline', ' bunnings', 'bnn breaking', 'rite aid', ' storm 1516', 'madison square garden entertainment', 'the arena group', ' memorial sloan kettering', 'northpointe', ' lloyds bank', ' barclays capital', 'riverside arena skating rink', 'storm 1376', 'southern co op']","['runway', ' lloyds bank', ' dragonbridge', 'hoodline', ' barclays capital', 'storm 1376', 'boston dynamics', ' storm 1516', ' runway', 'northpointe', 'centrelink']","[""george carlin's estate"", ' the weeknd', 'sunnyside beachgoers', 'clarkesworld', 'centrelink account holders', 'the seed company by e.w. gaze', ' lionsgate', 'the record argus', 'lloyds bank', ' horse drawn carriages', 'wny gardeners', 'an appalachian summer festival attendees', 'notting hill carnival goers']"
Global Public and Public Figures,8,[' public mirror'],[' public mirror'],"[' myanmar public', 'ukrainian general public', ' british public figures', ' ethiopian public', 'public figures', ' san francisco public', ' california public', 'australian general public', 'general public', ' public figures', 'san francisco public', ' general public', ' european public', ' san jose public', ' italian general public', ' european union general public', 'uk general public', ' public trust', ' uk public', ' american public', ' spanish general public', ' ukrainian public', ' ukrainian general public', ' french general public', ' british public']"
"Students, Schools, and Educational Communities",9,"['unnamed middle school students', 'unnamed adolescent male', 'unnamed male student', 'youth laboratories', 'los angeles unified school district (lausd)', 'unnamed male students', 'lockport city school district', 'charlotte mecklenburg school district', 'unnamed high school students', 'unnamed male college student', 'two unnamed middle school boys', 'houston independent school district', 'rock hill schools']","['youth laboratories', 'two unnamed middle school boys']","[' phillipsburg high school', 'unnamed female college student', "" prince george's county students"", ' bellefonte area high school', "" prince george's county public schools"", 'unnamed florida teenager', ' hempstead high school', 'classmates of two unnamed middle school boys', 'houston independent school district teachers', ' baltimore county public schools community', 'anonymous female high school students', ' schools and teachers who were misinformed and burdened with coppa compliance responsibilities without adequate disclosure', ' pikesville high school students and staff', 'anonymous student', 'unnamed female students', ' richmond burton community high school', ' los angeles students', ' high school students', 'unnamed middle school students', ' pikesville high school', ' aledo high school students', 'los angeles unified school district (lausd)', ' teachers at charlotte mecklenburg schools', ' pinecrest academy horizon students', 'students at charlotte mecklenburg schools', ' rock hill school students']"
North and South Korean Society and Government ,10,"['korean ministry of justice', 'yoon suk yeol', ' korean ministry of science and information and communication technology', "" yoon suk yeol's campaign"", 'unnamed south korean man']","['north korean government', 'unnamed korean companies']","[' elder thai citizens', ' korean people with disabilities', 'thai citizens', 'travelers in korean airports', 'south korean women', ' korean voters', 'yoon suk yeol', ' korean people of gender minorities', 'korean public']"
"Facebook Platform, Users, and Communities",11,"['facebook messenger', 'facebook', ' facebook']","[' facebook users', ' facebook', 'facebook']","[' arabic speaking facebook users', ' afaan oromo speaking facebook users', ' facebook content creators', 'facebook users posting legitimate covid 19 news', ' facebook users interested in the us presidential election', 'facebook content moderators', 'female facebook users', ' gardening facebook groups', 'facebook users speaking east african languages', ' palestinian facebook users', ' facebook users interested in arts', 'unnamed palestinian facebook user', 'museums on facebook', ' facebook users in myanmar', 'korean facebook messenger users', 'low digitally skilled facebook users', 'facebook users of minority groups', 'facebook users having posts about painful events', ' male facebook users', ' burmese speaking facebook users', ' facebook', ' facebook users interested in accessibility', ' black facebook users', "" olivia solon's facebook connections"", 'facebook users', ' facebook employees having families affected by the conflict', ' facebook users interested in covid information', ' facebook users in east africa', ' facebook users interested in hispanic culture', ' facebook users speaking english', 'facebook users speaking swahili', 'sex workers using facebook', ' facebook users in online support communities', 'facebook users posting about plymouth hoe', 'facebook users of disabilities', ' non american born facebook users', 'vietnamese facebook users', 'tigrinya speaking facebook users', 'facebook messenger users', ' facebook users in ethiopia', ' facebook users in gardening groups', ' rohingya facebook users', 'facebook users sharing photo evidence of slavery', ' facebook users', ' facebook users in plymouth hoe', ' facebook users in disaster zones', 'facebook users of small language groups', ' facebook users interested in the lekki massacre incident', ' non christian facebook users', ""facebook's children users""]"
"Public Figures, Politicians, and Influential Individuals",12,"['john mark dougan', ' sam altman', ' john mark dougan', 'zachariah crabill']", ,"[' zachariah crabill', 'joe rogan', 'president joe biden', ""zachariah crabill's client"", 'joe biden', ' george floyd protest participants', ' joe biden', ' joe rogan fans', 'brian hofer', ' president joe biden', ' tom hanks']"
"Digital Platforms, Gender Identity, and Marginalized Communities",13,"['various people', 'tinder', 'tumblr', ' anthropic', 'genderify']","['tinder', ' anthropic', 'tumblr', 'genderify']","['pedestrians', 'non cisgender individuals', 'people attempting suicides', 'filipinos', 'trans women', 'asian people', ' pedestrians', ' lgbtq+ community', 'uyghur people', 'gay men in new york city', ' navajo people', ' gender nonconforming travelers', ' lgbtq communities', 'people with twins', 'people with autism', 'venezuelan people', ' various people', ' female streamers', 'transgender travelers', ' interracial couples', ' transgender people', ' women', ' lgbtq people of color', 'women', 'sex workers', 'people with eating disorders', ' non american lgbtq people', 'people having non caucasian facial features', ' transgender communities', 'lgbtq people', ' people susceptible to radicalism']"
"Tech Companies, AI Entities, and Notable Individuals",14,"[' gemini', 'naver', 'megvii', 'zeno zeno', ' genesia ai friend and partner', ' ilya gambashidze', 'figma', 'navinder sarao', 'sanas', ' gayathri mahalingam', 'masayuki nakamoto', ' margiotta']","['naver', 'megvii', ' sumit savara', ' baibu', 'aldebaran', ' tanishq abraham', ' genesia ai friend and partner', ' suraj patil', 'muonium', 'navinder sarao', 'figma', ' gayathri mahalingam', 'sanas', ' megvii']","['te ani solomon', ' aung san suu kyi', 'oriana albornoz', ' bukayo saka', ' muharrem ince', 'maia sandu', 'sara', ' arriani jaileen arroyo', ' monika todova']"
"Healthcare Providers, Patients, and Medical Institutions",15,"['unitedhealthcare', 'mount sinai hospital', 'mount sinai hospitals', ' doctors', 'security health plan', 'hospitals']","['toronto public health', 'intuitive surgical']","[' women having unexpected or crisis pregnancies', 'people having medical photos online', ""pseudonymized psychiatrist's patients"", 'oncologists', 'american physicians', 'women in need of abortion services', ' pseudonymized psychiatrist', ' parents using telemedicine services', ' patients', ' cancer patients', 'covid 19 patients', ' covid patients', ' female patients', ' african american patients', 'medical residents', ' patients with medicaid insurance', 'medicare advantage plan patients', ' healthcare providers (doctors and therapists)', ' covid 19 healthcare providers', ' arkansas healthcare workers', 'patients', ' hispanic patients', ' ambulance patient', ' elderly patients', ' american pharmacists', ' people seeking medical advice', 'doctors', 'sepsis patients', ' american patients', ' healthcare providers']"
Content Creators and Users Across Digital Platforms,16,"[""individual developers or creators using meta's llama model"", 'variety of youtube content creators']",[],"[' youtube male users', ' youtube users', ' youtube content creators', 'transgender youtubers', ' netflix users', 'youtube young male users', 'twitch users', 'youtube content creators', 'youtube creators', 'youtube young users', ' youtube viewers', 'tumblr content creators', ' female content creators', 'youtube users', 'video game players', ' instagram content creators', ' youtube climate skeptic users', ' youtube chess content creators', ' content creators', ' twitch content creators']"
Law Enforcement and Judicial Agencies,17,"[""pasco sheriff's office"", 'companhia do metropolitano de sao paulo', ' spanish interior ministry', 'buenos aires city government', 'contra costa county sheriff', 'judiciary of italy', ""jefferson parish sheriff's office"", 'spanish law enforcement agencies', "" bahia's secretary of public security"", 'cartels', ' jalisco new generation cartel', 'spanish ministry of interior']","[' spanish interior ministry', ' spanish law enforcement agencies', 'spanish secretary of state for security', ' spanish ministry of interior']","["" genoa prosecutor's office"", ' international criminal court investigators', ' international court of justice investigators']"
"Retail, Hospitality, and Financial Businesses",18,"['kfc', 'henn na hotel', 'unnamed south gyeongsang province produce distribution center', 'krungthai bank', 'koko', ' dmk', ' the thaiger', 'foodstuffs', ' kmart', 'skh metals']","['kfc', ' phuc le khac', 'brant fries', 'krungthai bank', 'kronos', 'foodstuffs']","['kemal kilicdaroglu', 'kiri wagstaff', 'zhihu employees', ' koko customers', ' kpmg', 'unnamed employee of south gyeongsang province produce distribution center', ' henn na hotal staff', 'henn na hotel guests']"
"Education Systems, Students, and Educators",19,"['new york city dept. of education', 'intensive partnerships for effective teaching', 'irish department of education and skills', 'australian students', 'students', 'turkish student identified as mee', ' auricle global society of education and research']","['irish department of education and skills', ' auricle global society of education and research', 'new york city dept. of education', 'intensive partnerships for effective teaching']","['finals attendees', ' turkish educational institutions', 'canadian students', ' pupils in state schools', 'teachers', ' students', ' irish department of education and skills', ' university of illinois students', ' pasco black students', 'us schools', 'bacchus marsh grammar students', ' student athletes', ' academic staff', 'australian students', 'international baccalaureate students', ' indigenous students', ' non cheating students', 'a level pupils', ' teachers', ' underprivileged pupils', ' latinx college students', ' us students', ' gcse pupils', 'university of illinois students of color', ' pasco students with disabilities', 'students', ' international students in henan', ' professors', ' cheating students']"
Black Communities and Individuals,20,[],[],"[' black students', ' nyc black young people', 'black people in brazil', ' black lives matter activists', ' dark skinned women', ' black test takers', 'black people', 'black students', ' black celebrities', 'black patients', 'black college students', ' nyc black people', 'dark skinned people', ' black people', 'black women', 'people with dark skin', ' black actresses', ' black people in bahia', ' black americans', ' black people in detroit', 'black people in louisiana', ' women of color', 'black taxpayers']"
"Employment, Biometrics, and Workplace Dynamics",21,[],[' new york city office of technology and innovation'],"[' government agencies using biometrics', 'interviewers of remote work positions', ' employers using curious thing', 'sao paulo metro users', 'starbucks employees', 'biometric security', ' new york city employers and employees', 'kenyan sama ai employees', ' businesses using biometrics', ' employers using myinterview', 'job applicants using hirevue', ' job candidates using curious thing', ' individuals using biometrics', ' older female blue collar workers', ' unnamed finance employee', 'job candidates using myinterview', 'fast food job applicants', ' employers of remote work positions', ' new york city landlords and tenants']"
"Notable Figures and Organizations (India, China, Turkey, Germany, UK, Pakistan)",22,"[' jaswant singh chail', 'schufa holding ag', ' adesh ingale', ' yilun wang', ' prem singh tamang', 'dravida munnetra kazhagam', 'zhihu', 'yuen ler chow', 'murat ayfer', ' doppelganger', ' recep tayyip erdogan', ""pak 'n' save"", ' ram chandra choudhary']","['schufa holding ag', ' yilun wang', ' rohit pal', 'yuen ler chow', ' khalid saifullah', ' gurbaksh chahal', 'murat ayfer', ""pak 'n' save"", 'divyendra singh jadoun']","[' jaswant singh chail', ' m. karunanidhi', ' priti patel', 'jisuk mok', ' kannada speakers', ' mosab abu toha', 'mohammed khadeer', 'nijeer parks', 'umesh ramesh dhake', 'ramji lal', 'xi jinping', ' lai ching te', ' naeem haider panjutha', 'dong mingzhu', 'rana atif', ' sanjay gupta', ' king maha vajiralongkorn', ' raja bashara', 'randal quran reid', ' imran khan', ' bacchus marsh grammar girls', 'moshe har shemesh']"
"Media Outlets, News Platforms, and Audiences",23,"[' sports illustrated', 'espn', 'chicago lakefront news', ' ntv channel']","['thomson reuters', 'espn', ' ntv channel']","['livestream viewers', ' city magazine', ' yahoo! news', 'news sites', ' readers of sports illustrated', ' msnbc', ' newspapers relying on gannett', 'live stream ceremony viewers', ' birkenhead news', ' news sources', ' e! news']"
"Automotive, Aerospace, and Industrial Companies",24,"['boeing', 'goldman sachs', 'honda', ' chevrolet of watsonville', ' toyota', 'volkswagen', 'general motors', 'chakan plant of automotive stampings and assemblies', 'brand safety tech firms', 'insurance companies', ' gmx', ' general motors', 'volvo', 'nissan', 'volkswagen group of america', 'xpeng motors']","['boeing', 'honda', 'general electric', 'volkswagen', ' gmx', ' general motors', ' lockheed martin', 'volvo', 'nissan', 'volkswagen group of america']","[' vision jet owner', ' chevrolet of watsonville', 'general motors', 'vehicle repair shops', 'unnamed owner of tow truck', ' volvo', 'subaru']"
Notable Women and Female Public Figures,25,[' julia munslow'],[' emily putnam hornstein'],"['amaya ross', ' gillian keegan', ' emma watson', ' female celebrities', ' angela rayner', ' oprah', 'kari lake', 'lamya robinson', 'elizabeth warren', ' dehenna davison', ' kathy sullivan', 'louise walker', 'elaine herzberg', 'molly rose russell', 'lucy goetz', ' tammy dobbs', ' oprah winfrey', ' penny mordaunt', 'kelly conlon', ' amanda claypool', ' francesca mani', ' martha stewart', ' cathy newman', ' lainey wilson', ' lana smalls', ' amanda curry', 'krista perry', ' jenna monet', ' unnamed woman injured in the fight', ' sally bundock', ' amy newton', 'kristen bell', 'denise green', 'kamala harris', 'rona wang', ' kamala harris', ' carrie williams', 'kim reynolds', 'paula knight', ' pauline kael', ""kristin livdahl's daughter"", ' kelly carlin']"
Governments and Civic Institutions Worldwide,26,"[' pennsylvania state government', ' washington dc government', ' iranian government', 'toronto city government', ' iowa state government', 'state governments', 'bucheon city government', 'bath government', 'new york city government', ' idaho state government', ' missouri state government', 'united states government', 'ugandan government', 'tripoli based government', ' british government', ' australian federal government', 'the government in bahia', 'salta city government', 'various british government offices', 'new south wales government']","['united states government', ' iranian government', ' state governments', ' british government', ' csg government solutions']","[' government of the philippines', ' belgian government', ' bath officials', ' democratic institutions', 'the karnataka government', 'hawaiian government', 'united states government', ' american government', ' los angeles city government', ' ukrainian government', ' civic society', ' taxpayers', ' civil society organizations in developing countries', 'san francisco city government', 'western democracies', ' democracy', ' parliament of australia']"
"Rideshare, Delivery Drivers, and Traffic Participants",27,"['uber eats', ' motorist', 'uber', 'taxis g7']","['uber eats', 'uber']","[' city traffic participants', ' motorcyclists', 'non tpi registered grab drivers', 'motorists', ' grab drivers', 'drivers in jokkmokk', ' unnamed passenger', ' emergency vehicles', ' toyota prius passengers', ' drivers in sweden', ' amazon flex drivers', ' vehicle owners', 'unnamed woman passenger', ' grab drivers in indonesia', ' drivers unaware of data collection', 'xpeng driver', 'traffic participants', 'volkswagen drivers', 'transgender uber drivers', ' drivers', ' potential passengers and road users at risk due to malfunctioning aeb systems', ' bus passengers', ' motorists', 'truck drivers', 'uber drivers in india', ' uber eats black delivery drivers', 'road engineer', 'uk drivers', 'real women in trucking', ' traffic participants', 'silicon valley traffic participants', 'unnamed 22 year old male driver', 'waymo passengers', 'chicago drivers', 'nissan drivers', 'uber drivers']"
Individuals and Public Figures,28,"[' alberto carvalho', 'aaron pelczar', 'jack posobiec']","[' pedro cuenca', 'seth herrera', 'alberto']","[' adam toledo', ' caleb cain', 'jovani maldonado', ' nohemi gonzalez', ' seth lazar', 'roberto mata', ' stefany gonzalez escarraman', ' benjamin maldonado', 'gilberto alcazar lopez', ' julio ramirez', ' jadon sancho', ' nohemi gonzalez family', ' noticias maia', 'ibrahim diallo', 'landon embry']"
GPT Models and Variants,29,"[' gpt 4o', ' escapegpt', ' blackhatgpt', ' evil gpt', ' gpt 4 researchers', ' xxxgpt', ' wolfgpt', ' badgpt', ' never back down', ' darkgpt', ' fraudgpt', ' gpt 3.5', ' gpt 4', ' wormgpt']",['never back down'],[]
Misinformation and Underrepresented Groups in Data,30,[' misinformation networks'],[' misinformation networks'],"["" people having personal data in gpt 2's training data"", 'underrepresented groups', ' underrepresented genders', 'black men who underwent lung function tests between 2010 and 2020 and potentially received inaccurate or delayed diagnoses and medical interventions due to the biased algorithm', ' underrepresented groups in training data', ' underrepresented groups']"
"Deepfake Creators, Developers, and Impacted Individuals",31,"['deepfake website operators', 'unknown deepfake creator', ' unknown deepfake creators', 'unknown deepfake technology developers', ' unnamed deepfake creators', 'unnamed deepfake creators', 'unnamed deepfake creator', 'unknown deepfake creators', ' unknown deepfake creator', 'unknown deepfake detection technology developers']","['unnamed deepfake technology developers', 'unknown deepfake creator', 'unknown deepfake technology developer', ' unknown deepfake creators', 'unknown deepfake technology developers', ' the indian deepfaker', 'unnamed deepfake creators', 'the indian deepfaker', ' unknown deepfake technology developers', 'unnamed deepfake creator', 'unknown deepfake creators', 'unknown deepfake detection technology developers']","[' deepfaked celebrities', ' general public misled by deepfake content']"
Streaming services and Websites,32,"[' google', ' various porn sites', ' getintoknowledge.com', 'youtube', 'pornhub', ' harmonyhustle.com', ' filthylucre.com', ' international union of virtual media', ' msn.com', ' netflix', 'speedcam anywhere', ' bestbudgetusa.com', ' tnewsnetwork.com', ' celebritiesdeaths.com', 'google', 'you.com', ' twitch', ' youtube', ' famadillo.com', ' yahoo', ' scoopearth.com']","[' google', ' twitch', 'speedcam anywhere', ' youtube', 'google', ' yahoo', 'youtube', 'you.com', ' netflix']","[' google', ' google ngram viewer', ' music streaming services', 'spotify', 'google']"
"Political Campaigns, Parties, and Operatives",33,"[""ron desantis's presidential campaign"", ' political consultants', 'unknown political operatives', 'donald trump presidential campaign', ' progressive', ' political operatives', 'pakistani political parties', ' unknown political groups', 'republican national committee (rnc)']","['unknown political operatives', ' unknown political groups', ' pakistani political parties']","[' democrats', 'uk labour party', ' republicans', ' biden presidential campaign', "" paul vallas's campaign"", ' democratic party', ' british labour party', ' political figures', ' democratic progressive party', 'political candidates targeted by deepfakes', ' biden administration', 'political campaigns', ' political candidates', 'political organizations', 'political opposition in uganda', ' donald trump presidential campaign', ' democratic national committee', "" ron desantis's presidential campaign""]"
"E-Commerce, Retail, and Financial Services",34,"['hsbc uk', ' google books', 'amazon flex', ' amazon', 'amazon', ""wendy's"", 'walmart', ""macy's"", 'amazon fresh', 'stanford shopping center', 'amazon sellers', 'air canada', 'amazon india', 'paypal']","[' alibaba', ' amazon', 'amazon', ""wendy's"", 'amazon fresh', 'air canada', 'amazon india', 'paypal', "" macy's""]","['amazon customers', ' amazon sellers', 'your cbd store', ' alibaba', ' amazon customers in india', ' amazon', 'amazon', ' market mall goers', 'amazon users', 'amazon fresh', ' bank of america', 'google books', ' buding movie tickets', ' disney', ' amazon music', ' amazon customers']"
"Notable Individuals in Technology, Politics, and Media",35,"[' oleg yasinskiy', 'waze', 'yannic kilcher', ' chad kultgen', 'michal kosinski', ' lukasz kowalczyk', ' nikolay tupikin', 'boris dayma', ' oleg yasinsky', 'valery korovin', 'justine hsu']","['waze', 'yannic kilcher', 'michal kosinski', ' lukasz kowalczyk', 'boris dayma', 'valery korovin', 'heygen']","['olga loiek', 'keir starmer', 'ousmane bah', ' klaus schwab', 'clive kabatznik', 'japanese pornographic actors', ' kyrylo budanov', ' michal simecka', ' keir starmer', ' giovanni toti', 'justine hsu', ' jamie foxx', ' ray dalio']"
"Government, Emergency, and Security Services",36,"[' federal security service', 'federal navy credit union', 'transportation security administration', ' services australia', ' connected analytic services', 'internal revenue service']","['blue shield of california', 'ccc information services', ' connected analytic services', 'internal revenue service', 'national weather service']","[' san francisco firefighters', ' wildfire evacuees', ' emergency dispatchers', ' san francisco fire department', 'san francisco emergency services', 'federal navy credit union customers', ' culver city fire department', ' fire safety coordinators', ' emergency responders', 'san francisco firefighters', ' secret service', ' cybersecurity firms']"
Urban and Regional Residents,37,[],[],"[' south of market residents', ' fall river residents', 'pasco residents', ' texas citizens', 'lucie inland', 'bucheon citizens', ' silicon valley residents', ' beverly hills citizens', ' new york city residents', ' chicago residents', 'california residents', 'los gatos residents', ' durham residents', ' toronto citizens', ' frisco residents', ' sao paulo citizens', ' people having non midwestern american accent', ' san antonio residents', 'troy residents', ' california residents', ' syracuse residents', 'san francisco traffic participants', 'san francisco residents', 'oakland residents', ' san francisco residents', ' illinois residents']"
Notable Individuals Across Professions,38,"['joseph cox', ' andrey perla', ' karl ricanek', 'steven larouche', ' denis tatina', ' peter loduca', ' david m. schwartz', 'patrick ruffini', 'eliot higgins', 'hans von ohain', 'stephan de vries']","[' denis tatina', ' stephan de vries', ' karl ricanek', 'dr. geoffrey franglen']","['john bernal', 'paul vallas', ' belgian man', 'eric horvitz', 'john piscitella', 'stephan de vries', 'eric eiswert', ' anthony fauci', 'ronald l. haeberle', 'the vindicator', ' david m. schwartz', 'martin bernklau', 'francis ford coppola', 'william varner', ' erik rossiter', ' michel janse', 'michael oliver', 'alex harker', 'dave fanning', 'sebastian galassi', 'roberto spinelli', 'antonio radic', ' peter loduca', ' paolo emilio signorini', "" raymond d'addario"", 'jonathan faridian', 'hans von ohain', ' ron haviv', ' peter bourget', 'ron desantis', 'julien fanciulli', 'oliver haberstroh']"
Stable Diffusion and Communities of Colo,39,[],['stable diffusion'],"[' black communities', 'black residents in edmonton', ' brown communities', ' black livonia residents', ' black chicago residents', 'non white neighborhoods', ' california communities of color', 'neighborhoods of color', 'black families in allegheny', ' communities of color', ' chicago minority communities', 'inmates of color', ' neighbors', ' neighborhoods of color']"
"Military Forces, Veterans, and Defense Organizations",40,"['the israel military', 'us air force', ' israeli military intelligence', ' reality defender', ' israel defense forces', ""people's liberation army"", 'us navy']","[' israel defense forces', ""people's liberation army"", ' reality defender']","['veterans', 'libyan soldiers', ' global defense companies', 'us air force', ' uk defence journal', ' ski patrols', ' uk royal air force', ' female veterans', 'us navy']"
Indian and Pakistani Politics and Electorates,41,"['bharatiya janata party (bjp)', 'bharatiya janata yuva morcha', ' y. s. jagan mohan reddy', 'political candidates of the 2024 lok sabha elections', ' various indian political parties', ' indian national congress (inc)', 'pakistan national database and registration authority']",['pakistan national database and registration authority'],"['indian electorate', ' j. jayalalithaa', 'indonesian electorate', ' indian voters', ' indian electorate', ' pti (pakistan tehreek e insaf)', 'voters in pakistan', 'indian voters', ' india', 'women in india']"
"Racial, Ethnic, and Gender Minority Groups",42,[],[],"[' members of racial and ethnic minorities who risk being stereotyped or misrepresented', ' racial minority groups', ' chinese minority groups', ' racial minorities who may have experienced the same result', ' minority groups', 'minority groups', 'racial minorities', 'gender minority groups', 'children of minority groups', 'historically disadvantaged groups', 'racial minority groups', ' families of minority groups', ' american patients of minority groups', ' low income minority students', ' gender minority groups', 'coffee meets bagel users having no ethnicity preference', 'patients of minority groups', ' salta girls of minority groups', ' minorities']"
Global Businesses and Organizations,43,"[' various organizations', ' companies in general', "" mcdonald's"", 'red ventures', 'airbnb', ""mcdonald's""]","["" mcdonald's"", 'red ventures', 'fast enterprises', 'airbnb']","[' various organizations', ' companies in general', 'american businesses', 'small businesses in india', ' businesses on facebook', ' small business customers', ' small business employees', ' organizations', 'small businesses on facebook', 'small businesses on amazon', ' british businesses', 'new york city small business owners', 'small businesses', ' south of market businesses']"
"Tech Platforms, Mapping Services, and Real Estate Tools",44,"['realpage', 'google home', 'google maps', 'latitude', 'zillow']","[' fullpath', 'google photos', 'realpage', 'google bard', 'zillow offers', 'google home', ' latitude', 'google maps']","['google maps users traveling in sierra nevada', 'getty images', ' mountain view municipal bus', ' zillow', ' google maps users traveling in the mountains', 'latitude', ' apple maps users', 'mountain view municipal bus passengers']"
Families and Household Groups,45,[],[],"[' dutch families', "" british royal family's staff"", ' hackneys family', "" jeremy banner's family"", ' british single mothers', ' family of people near pentagon', "" bridget todd's family"", ' british royal family', ""ben perkin's parents"", "" the monets' family"", ' the russell family']"
"Airlines, Gig Workers, and Logistics Employees",46,"['southwest airlines', 'workday']",['workday'],"['airline passengers', ' employees', ' amazon delivery drivers', 'amazon workers', ' disaster relief workers', 'amazon delivery drivers', ' airplane crew', 'amazon warehouse workers', ' freight train crew', 'deliveroo workers with legitimate reasons for cancelling shifts', 'airplane passengers', 'walmart employees', 'delivery truck', ' gig workers', ' amazon echo users', ' amazon workers', 'amazon flex employees', 'warehouse workers', 'amazon fulfillment center workers', ' amazon delivery workers', ' taskrabbit worker', ' deliveroo workers']"
Public Figures and Organizations,47,"['steven anderegg', ' hank stephenson', ' waddell and reed', 'steven a. schwartz', 'michael smith']","[' jeffrey roper', ' hank stephenson', ' waddell and reed']","['nicholas clayton', ' david williams', 'robert julian borchak williams', 'stevie hyder', ' steve beauchamp', ' george carlin', 'michael williams', 'alex morgan', ' larry towell', ' ernie smith', 'shaun thompson', 'jonathan turley', 'georgie purcell', ' alex morgan fans', ' manuel clayton', ' randall reid', 'marcus rashford', ' david clough', ' steven a. schwartz']"
LinkedIn and Professional Networks,48,"['linkedin', ' linkedin', 'github']","['linkedin', ' linkedin', 'github']","['individual professionals on linkedin', 'wikimedia foundation', ' linkedin users', 'linkedin users']"
Unknown Entities and Cybersecurity attackers,49,"[' unknown', 'unknown', ' chinese hackers', ' russian hackers', 'north korean hackers', 'unknown social media accounts', ' iranian hackers', 'unknown dark web users', 'hackers', 'unknown hacker']","[' unknown', 'unknown', 'unknown chatbot developer', 'unknown spambot creators']","['retool employee who was the victim of the unknown hacker', 'unknown', ' people changing addresses frequently', ' individuals targeted by malware']"
Diverse Internet and Social Media Users,50,"[' snapchat users', ' immunefi users', 'various social media accounts', 'reddit users', ' userway', ' 4chan users', ' reddit users', ' users on x']","['various social media accounts', ' userway']","['social media users', 'stack overflow users', 'internet users with disabilities', 'thoughts users', ' website operators', 'internet social platform users', ' indian social media users', ' wikipedia users', 'tinder users over 30 years old', ' ukrainian social media users', 'internet users', ' cryptocurrency users', 'natural cycles users', ' snapchat users', 'privacy conscious individuals', 'reddit users', 'rekognition users', 'apple watch users doing winter activities', ' life360 users', 'website owners', ' social media users', ' american social media users', 'ukrainian social media users', 'yandex users', ' airbnb users', 'palestinian social media users', 'email users', ' tumblr users']"
Twitter (X) Users and Accounts,51,"[' @thepatriotoasis', ' twitter', 'x (twitter)', '@ghostwriter', 'twitter', '@tengazillioiniq', ' @mrreaganusa', '@mikesmithtrainer', ' x (twitter)']","['twitter', 'x (twitter)', ' twitter']","[' twitter', 'twitter left leaning politicians', 'twitter users', ' twitter users of small language groups', ' twitter users', ' twitter users participating in covid 19 discussions', ' twitter left leaning news organizations', ' @pokimane', 'x (twitter) users', ' x (twitter) users', 'twitter', ' twitter left leaning users', ' @qtcinderella', ' twitter non white users', ' twitter non male users', ' @sweet anita']"
Instagram and Google Ecosystem Users,52,"[' instagram users', 'gmail', 'instagram', ' instagram']","['gmail', 'instagram', ' instagram']","[' google drive users', 'black google home mini users', 'google users', ' google images users', ' google photos users', 'google photos users residing in illinois', 'spanish speaking instagram users', ' google home mini users', 'instagram users', ' getty images contributors', ' instagram sellers', "" instagram's children users"", 'gmail users', 'google lens users', 'google pixel 6a users', ' google shareholders', ' google users', 'google docs users', ' instagram users']"
"Consumers, Competitors, and Market Participants",53,"[' bankrate', 'individual kaggle competitors', 'pepsi', 'home bargains']","[' bankrate', 'individual kaggle competitors']","[' adaptive fashion retailers', ' bee cups', 'tourists', 'individual kaggle competitors', "" web accessibility vendors' customers"", 'market participants', ' cryptocurrency exchanges', ' home bargains customers', ' media consumers', 'store patrons', 'fair visitors', ' major brands whose advertisements were found on these sites', ' consumers affected by insurance rates', ' advertisers', ""google's competitor shopping services"", ' consumers', 'consumers relying on accurate image categorization']"
"Russian Actors, Media, and Social Affiliates",54,"[' russia linked network', ' russian media outlets', ' pro russian telegram channels', 'russian state media', 'russian government', ' individuals in russia', ' russian propagandists', 'russian chess federation', ' russian linked disinformation network', ' pro russian influencers', ' russian government', ' media organizations in crimea']","['russian government', ' russian government', ' russian propagandists', 'russian state media']","[' russian sex workers', 'russian pornographic actresses']"
Prominent Women and Female Figures,55,"[' maria spanadoris', ' marie karpos']",[],"[' alexandria ocasio cortez', 'jennifer destefano', ' joanna gaines', ' eva jaular', 'maya higa', ' marie curtis beachgoers', ' maria guadalupe nieves lopez', 'women in spain', ' 247 women in spain (unnamed)', 'kristen gonzalez', ' selena gomez', ' larissa martinez', ' maria', ' jennifer lopez']"
Vulnerable and Marginalized Communities,56,['individuals in the donbass region'],[],"['young men having credit scores', ' uk housing benefit claimants', 'australian welfare recipients', 'single mothers', 'san francisco homeless people', 'individuals with speech impairments', 'honolulu homeless people', ' individuals assessed as high risk based on the flawed criteria', 'poor neighborhoods', 'california low income neighborhoods', ' unemployed michigan residents', ' households with disabled people in allegheny', 'people with disabilities', ' lower income workers', 'disabled people', 'low income communities', ' low income patients', ' elderly people', 'new york city low income communities', ' low income people', ' people with poor credit scores']"
"Children, Teens, and Guardians",57,[],[],"['italian children', 'alexa children users', 'minors', ' children using alexa', 'child', ' children', 'salta teenage girls', 'child named christopher', 'children', ' teenagers', ' italian minors', ' australian children', ' los angeles parents', 'children whose data was collected and used for advertising', 'buenos aires children', ' minors', ' teenage girls', 'parents', 'minors exploited in the images', ' underage girls', 'children (faces used in deepfakes)']"
"Immigration, Citizenship, and Asylum Systems",58,"['us customs and border protection', 'national resident matching program', ' us citizenship and immigration services', 'uk visas and immigration', 'us citizenship and immigration services']","['us customs and border protection', 'uk visas and immigration', 'us citizenship and immigration services', 'national resident matching program']","['haitian asylum seekers', ' african asylum seekers', 'global south citizens', 'us naturalized citizens', ' pashto speaking asylum seekers', 'uk visa applicants from some countries', 'pakistani citizens', ' black asylum seekers', 'anonymous pashto speaking refugee', ' us immigrants', ' american citizens', 'uk immigrant newlyweds', ' us immigration applicants', ' us citizenship applicants', ' dari speaking asylum seekers']"
"Tech Companies, AI Systems, and Organizations",59,"['irobot', 'tusimple', 'vedal', 'replika', ' laposte', 'extinction rebellion belgium', 'verite cachee france', 'c3pmeme', 'predpol', 'edmodo', ' keolis north america', 'hirevue', 'castricum municipality']","['irobot', 'tusimple', 'vedal', 'replika', ' laposte', 'd.g. consultores', 'predpol', 'edmodo', ' keolis north america', 'hirevue', 'picso ai', 'castricum municipality', ' apprente', 'sudowrite']","['tusimple', ' irobot', 'pa edrissa manjang', ' vedal', ' le creuset', 'replika users', ' retool', ' mrbeast', ' keolis north america', ' replika male users', ' replika']"
Advanced Tech Organizations and Ambiguous Actors,60,"[' arkansas state government', 'california department of public health', ' western australia department of justice', 'uk department of work and pensions', ' eric adams administration', 'dpd', 'allegheny county', 'dutch tax authority', 'us department of justice', 'department for work and pensions (dwp)', 'state farm', 'australian department of human services', ""washington state's lottery"", 'arkansas department of human services', 'oregon department of human services', ' countylocalnews.com', 'department of veterans affairs (va)', ' department for work and pensions', 'michigan unemployment insurance agency', 'french welfare offices', 'us department of homeland security', 'australian taxation office']","['us department of justice', ""washington state's lottery"", 'oregon department of human services', 'department of veterans affairs (va)', 'department for work and pensions (dwp)', ' department for work and pensions', 'state farm', 'virginia department of criminal justice services', 'dpd']","[' department of state', 'arkansas medicaid waiver program beneficiaries', 'dutch tax authority', ' dpd', ' western australia department of justice senior staff members', ' wyoming officials', ' state of arizona', ' western australia department of justice', ' eric adams administration', 'california department of motor vehicles']"
AI Innovators and Early Adopters Shaping Communities,61,"['ntechlab', ' does 125', 'unit 8200', 'many', ' base 311', 'none', ' elevenlabs users', 'nine network']","['ntechlab', 'unspecified', 'parabon nanolabs', 'elevenlabs', 'unit 8200', 'nec', ' does 1 25', ' base 311', ' alphabet', 'none', ' elevenlabs']","[' max schrems', 'varied', 'none']"
Fraudulent Actors and Victims of Financial Scams,62,"[' extortionists', 'unknown scammers', ' unknown scammers', ' financial aid scammers', 'scammers', 'fraudsters', ' scammers']","[' unknown scammers', ' scammers']","['unemployed michigan residents falsely accused of fraud', ' financial fraud victims']"
Academic and Research Communities Driving Knowledge,63,"[' true media', 'fake publications', 'go media']","[' true media', ' the digital publicity', 'fake publications']","[' political integrity', ' journalistic integrity', ' indian women journalists', ' journalists', 'public discourse integrity', ' third parties relying on the confidentiality of the exposed data', ' political integrity and election fairness', 'journalistic integrity', ' news media in latin america', ' information integrity', ' election integrity', 'gizmodo journalists', 'foreign journalists in henan', ' global south local fact checkers', ' global south journalists', ' electoral integrity', ' investigative journalists', ' media discourse', 'journalism', ' journalism']"
Tech Giants Influencing Global Digital Content Consumption,64,"[' lensa ai', 'lensa ai']",[' lensa ai'],"[' asian women using lensa ai', 'women of sex tech conference attendants', ' women of sex tech conference organizers', 'women using lensa ai']"
Law Enforcement and Surveillance Impacting Urban Communities,65,"['woodbridge police department', 'kansas city police department', 'edmonton police service', 'miami police department', ' cleveland division of police', 'aurora police department', ' chicago police department', ' syracuse police department', ' new york city police department', 'chicago police department', 'telangana police', ' atlanta police department', 'honolulu police department', 'south wales police', ' oakland police department', 'new york city police department', 'durham police department', 'detroit police department', 'ningbo traffic police', 'rochester police department', 'san francisco police department', 'baton rouge police department', 'metropolitan police service', 'troy police department', ' san francisco police department', ' san antonio police department', ' fall river police department', 'prairie village police department', 'new york police department']","['ningbo traffic police', 'chicago police department', 'metropolitan police service']","[' new york city police department', ' troy police department', ' security officers at charlotte mecklenburg schools', ' durham police department', 'unnamed fullerton police officer', 'connecticut state police', ' criminal investigators', 'police investigators', ' fullerton police department', ' san francisco police department', ' san antonio police department', ' dubuque police department', ' fall river police department', 'local law enforcement officers', 'laguna beach police department', ' chicago police department', ' syracuse police department', ' university of pittsburgh police department']"
Biometric Technology Developers and Privacy Concerns,66,"['myinterview', ' facial identification section', 'faceapp', 'facemega', ' face recognition solutions']","['myinterview', 'facewatch', 'faceapp', ' faceapp', 'facemega', ' face recognition solutions', ' face2face']","['thefacetag app users', ' iphone x face id users', ' faceapp users', 'iphone face id users', 'faceapp non binary presenting users', ' faceapp transgender users']"
Senior Living and Healthcare Tech Supporting Aging Populations,67,['brookdale senior living'],['brookdale senior living'],"[' staff members of brookdale facilities', ' plymouth hoe residents', 'sherman oaks residents', 'zillow offers staff', ' coffee meets bagel users', ' families of residents of brookdale facilities', ' residents of brookdale facilities']"
Whisper AI and Speech Technology Misinterpretations,68,"[' organizations integrating whisper into customer service systems', ' companies using whisper', ' whisper']","['nuance communications', 'sangfor technologies']",[' users whose speech is misinterpreted by whisper']
Autonomous Transit Systems Transforming Public Mobility,69,"['navya', 'new jersey transit', 'cruise']","['navya', 'cruise']","['new jersey transit', ' new jersey transit passengers', 'cruise vehicle', 'navya', ' cruise', 'bicyclist', ' cruise passengers', ' cruise driver employee', 'cruise passengers', 'cruise vehicles', ' cruise customers']"
Media Organizations Adopting Emerging Technology,70,['cnet'],[],"[' cnet readers', 'cnet readers', ' bnn breaking readers', 'hoodline readers']"
Academic Research and Studies Advancing Global Knowledge,71,"['duke researchers', 'researchers', ' center for geopolitical expertise', ' historyfact.in', 'global predictions inc.', 'wikipedia', 'lincoln project', 'chronic kidney disease epidemiology collaboration', 'nest labs', 'microsoft research', 'frontier development', ' internet research agency veterans']","['duke researchers', 'researchers', ' center for geopolitical expertise', 'global predictions inc.', 'wikipedia', 'icahn school of medicine researchers', 'lincoln project', ' indiaspeaks research lab', 'chronic kidney disease epidemiology collaboration', 'nest labs', ' centre for social data analytics', 'microsoft research', 'frontier development', ' internet research agency veterans']","[' academic journals', 'researchers', 'research grant administrators', ' political researchers', ' researchers', 'rhinos in conservation', ' scopus', 'research participants', ' professionals relying on accurate transcriptions']"
Cultural Commentators and Influencers Shaping Public Perceptions,72,"['janelle shane', 'estee lauder', 'charlotte ingham']",['janelle shane'],"['scarlett johansson', "" national women's soccer league (nwsl)"", 'bronwyn hendry', ' taylor swift', ' joan rivers', 'lalani erika renee walton', 'sabrina javellana', 'trisha yearwood', 'noelle martin', 'halle bailey', ' mona awad', 'taylor swift', ' leigh anne pinnock', 'queen elizabeth ii', ' linnea sage', ""pseudonymous estee lauder's former staff"", 'lin ()', 'olivia solon', 'bridget todd', ' misty mcgraw', 'frances walter', ' alexis majano', 'ashley beauchamp', 'stella creasy']"
Academic Healthcare Institutions Training Future Professionals,73,"[""st george's hospital medical school"", 'stanford medical center', 'jupiter hospital', 'university of michigan hospital', 'unnamed large academic hospital', 'geisel school of medicine', 'university of pennsylvania health system']","[""geisel school of medicine's technology staff"", 'stanford medical center', 'ibm watson health']","[' stanford medical residents', "" geisel school of medicine's accused students"", "" geisel school of medicine's students"", "" geisel school of medicine's professors"", 'stanford medical frontline workers']"
Generative AI Tools Transforming Content Creation,74,"[' perplexity', 'giggle', 'perplexity', ' wavefunction.info']","['perplexity', 'soundthinking', 'sound intelligence', ' sensetime', ' perplexity', ' perplexity.ai', ' tractable']","['truth', ' truth']"
Proctoring Tools and AI in Education Assessments,75,"['international baccalaurette', 'copycop']","['proctoru', ' proctorexam', ' proctoru', ' proctortrack', 'scatter lab', ' proctorio', 'proctorio', 'international baccalaurette', ' compvis lmu']",[]
AI and Tech Innovators Impacting Workforce and Consumers,76,"[' allyable', 'yandex', 'xpeng', 'xai', ' openai', 'openai', 'waymo', ' xai', 'evolver', 'xsolla']","[' allyable', 'yandex', 'xpeng', 'xai', ' openai', 'openai', 'waymo', ' eleutherai', ' xai', 'evolver', 'kairos', ' aidoc', ' merakii group', ' darwinai', 'interrai']","['openai', ' openai', ' openai users', 'yoshihiro umeda', 'breeze liu', ' yi xia', 'you you xue', 'xsolla employees']"
Families and Communities Experiencing Loss and Trauma,77,[],[],"["" arriani jaileen arroyo's family"", "" sebastian galassi's family"", ' destefanos family', ' perkins family', ' family of lilie james', "" prince george's county parents"", 'le pen family', 'family and friends of deceased', "" chris mohney's family"", ' family of robin williams', "" nathan white's family"", ""walter huang's family"", 'the gilliam family', "" lalani erika renee walton's family"", ""danielle's family"", ' the mitchells family', ' bereaved families']"
Messaging Platforms and AI Engaging Global Communities,78,"['wechat', 'chatgpt', 'telegram channels', 'telegram community users', 'snapchat', 'wechat pay', 'ping an', ' chatgpt', 'users in a telegram group']","['wechat', ' telegram channels', 'snapchat', 'ping an', ' chatgpt']","['chatgpt macos users', 'chatgpt users', 'chinese speaking users of chatgpt', 'wechat pay users', 'black wechat users']"
Innovative Media and Robotics Enhancing User Experiences,79,"['mismatch media', ' delphia (usa) inc.', 'structura national technologies', 'satria technologies', ' delphi technologies', 'starship technologies', 'mit media lab']","[' delphia (usa) inc.', ' polymath synthetic media solutions', ' delphi technologies', 'evolv technology', 'starship technologies', 'l3harris technologies', 'mit media lab', 'sn technologies']","['starship technologies', 'wisetech global', 'delphi technologies']"
Financial and Cryptocurrency Investors Facing Risks,80,[],[],"[' finance professionals', 'dao token holders', ' online investors', ' retirees seeking investment opportunities', ' cryptocurrency investors', 'investors', 'apartment renters', ' stock holders', 'elderly investors']"
Political Entities Shaping Electorate Perceptions,81,"[' trump supporters', 'the arizona agenda']","[' trump supporters', 'the arizona agenda']","[' donald trump supporters', ' american voters', ' british voters', ' african american voters', ' american conservatives', ' american electorate', 'voters', 'youtube users skeptical of us election results', ' chicago voters', 'taiwanese voters', ' taiwanese voters', 'american electorate', ' people scored on old scoring versions', ' black voters', 'u.s. voters', ' new hampshire voters']"
Religious and Political Entities Affecting Minorities,82,"['catholic answers', 'isis', 'israeli tax authority', ' isis supporters', ' israeli government']","['catholic answers', 'israeli tax authority']","['jewish people', 'palestinians', ' israeli people having tax fines', 'sikh people', 'rohingya people', ' greeks in the united kingdom', 'palestinians residing in the west bank', ' turkic muslim ethnic groups', ' gazans', ' catholics', 'muslims', ' 2023 turkey syria earthquake victims', ' israelis', ' iranians', 'jordanians in poverty', ' jewish public figures']"
State and International Organizations Influencing Policies,83,"['soviet union', 'new zealand', 'finland national bureau of investigation', 'russia', 'ezemvelo kzn wildlife']","['new zealand', 'soviet union']","[' government of moldova', ' ukraine', ' france 24', ' lithuania', ' moldova', ' democratic process in slovakia', ' philippines', 'finland national bureau of investigation', 'slovakian electorate', ' albanians in the united kingdom', ' estonia', 'romanians in the united kingdom', ' bulgarians in the united kingdom', ' latvia', 'ukraine', ' presidency of moldova', 'united states', ' maori community', 'auschwitz memorial museum']"
Creative Platforms Empowering Artists and Content Creators,84,"['natural cycles', ' social design agency', ' deviantart', 'windows paint', 'opera']","['natural cycles', 'unknown image generator', 'synthesia', ' canvas', 'opera']","[' artists', ' synthesia', ' film critics', ' digital artists', 'universal music group', ' artists publishing on social media', 'digital artists', 'voice actors', ' voice actors', 'artists submitting in the digital arts category']"
Legal Tech Innovators Supporting Consumers,85,"[' giorgi gobronidze', 'donotpay', ' geico', 'ocado', 'glovo']","[' giorgi gobronidze', 'donotpay', 'glovo', 'ocado']","[' oleksiy danilov', 'ocado', ' gnc', 'cogo guebara']"
Consumer Tech Innovators Shaping Digital Interactions,86,"['starbucks', 'alexa device owners', 'apple', ' fakeapp', 'appriss', ' apple']","['fireeye', 'apple', ' fakeapp', 'uipath', 'appriss', ' apple']","['alexa device owners', 'apple', ' nintendo', ' apple music', ' apple card female credit applicants', 'samsung', ' swifties', ' apple', 'apple card female users', ' device owners']"
Media Figures and Platforms Engaging Cultural Audiences,87,"[' david harris', ' cass', 'james guthrie', 'gannett', ' eddie egan', 'david tatum', ' chris xu', 'jason allen']","[' luke melas', ' david harris', 'cass']","['mark gordon', ' sean ""diddy"" combs', ' nathan white', ' david harris', ' lee miller', 'chris cowell', ' robin williams', 'joshua brown', 'sennett devermont', ' gannett', ' chase whiteside', ' peter lynch', 'tillman mitchell', ' jay baron', ' bishop t.d. jakes', 'marvin von hagen', ' chris mohney', 'paul skye lehrman', ' cody enterprise', 'shannon carpenter', 'matthew miller', ' larkin seiler', 'randal reid', 'kevin bankston', 'harvey murphy jr', ' elijah ott', 'bobbi althoff', 'jeremy banner', 'silvon simmons', 'brian hood', ' bill ackman', 'jeremy beren banner', 'paul tremblay', 'james guthrie', ' steve cohen', ' ree drummond', ' richard white', 'derrick monet', ' jim carter', 'derek mobley', ' phil mcgraw', 'derrick ingram', 'elliston berry', ' jesse waters', 'jake moffatt', ' clyde vanel', ' blake shelton', 'mark molner', ' denzel washington', 'tim cook', ' dan simmons', ' kevin main']"
AI Detection Tools Supporting Monitoring and Safety,88,"[' avertd', 'torswats', ' myradar', ' medak police', 'inkstall', ' arity', 'dazhon darien', ' mistral', 'golkar party']","['raytheon', 'myradar', ' laion', 'netradyne', 'laion', ' arity', 'everseen', ' ritobrata ghosh', ' mistral', 'golkar party']","["" bishop's stortford independent"", 'jade thirlwall', ' lynsey addario', ' myradar users', 'laion', ' american zoetrope', 'porcha woodruff', ' gayle king', 'carollers', 'renren']"
Academic Institutions Driving Student Success,89,"[' university of wisconsin milwaukee', 'university of north carolina wilmington', 'vanderbilt university']","['mcd tech labs', ' max planck institute', ' university of erlangen nuremberg', 'university of north carolina wilmington']","['vanderbilt university students', ' vanderbilt university', ' community colleges']"
Organized Crime and Cybercrime Impacting Vulnerable Groups,90,"['unnamed perpetrators in almendralejo', 'cybercriminals', ' organized crime groups']",[],"[' human trafficking victims', 'spanish victims of gender violence', 'individuals coerced into criminal activities', 'virginia convicted felons', 'unnamed victims in almendralejo', ' virginia black offenders', ' survivors of holocaust victims', ' survivors of military sexual trauma', 'mass shooting victims', ' arrested people', 'accused people', ' virginia young offenders', 'victims of crimes documented on social media', ' falsely accused finals attendees', ""victims of ftx's collapse"", 'potentially exploited groups', 'victims in paris attacks', ' victims of child sexual abuse (bodies used in videos)', 'malaysian convicted people', 'fire victims']"
Chinese State Entities and Critics of Governance,91,"[' chinese communist party', 'fuzhou zhongfang marlboro mall', 'henan government', 'unnamed australian telecommunications company', 'chinese government', ' chinese government', 'delhi metro rail corporation', 'tencent holdings', ' henan public security department', ' edward tian']","[' chinese communist party', 'chinese government', ' chinese government', 'the world bank', 'huawei', ' edward tian']","[' chinese companies', ' chinese tech workers', 'chinese communist party', ' critics of the chinese government', 'gao yaning', 'unnamed australian telecommunications company', ' walter huang', ' chinese startups', 'chinook centre mall goers', 'coupang suppliers', ' chinese government', 'delhi metro rail corporation', 'fuzhou zhongfang marlboro mall goers', 'hong kong bank manager', 'sirey zhang', 'unnamed multinational company', ' tencent holdings']"
E-Commerce and Consumer Tech Users Facing Challenges,92,[],[],"['genderify customers', ' donotpay customers', "" 27 of retool's clients"", ' hirevue customers', ' amazon echo customers', 'rite aid customers who were women', "" mcdonald's customers"", ' paypal customer service representatives', 'hsbc uk customers', 'hive box customers', ' target customers', 'xpeng motors customers', 'black state farm customers', "" mcdonald's customers residing in illinois"", 'nabla customers', 'the good guys customers', ' rite aid customers', 'honda customers', ' coupang customers', 'call center agents having non midwestern american accent', ""mcdonald's customers"", ' kmart customers', ' rite aid customers who were minorities', 'souther co op customers', 'ping an customers', ' bunnings customers', 'naver customers', 'target customers', 'bank customers', ' paypal customers']"
Technology Companies Driving Software and Innovation,93,"['uk home office', 'my_handy_design', 'knightscope', 'obitsupdate', 'sky voice assistant', ' maxaccess.io', 'oracle', 'serve robotics', 'adobe stock', ' programmers', ' home office', 'google docs', 'microsoft', 'accessibe', 'meta platforms', ' enterprise teams', 'softbank', ' ibm', ' fsb', ' life360', ' microsoft', ' microsoft copilot', 'hive box', 'samsung engineers', 'bytedance', ' outlook', 'transaction cloud', ' institute for internet development']","['uk home office', 'ibm', 'my_handy_design', 'respondus monitor', 'knightscope', 'adobe', ' maxaccess.io', 'epic systems', 'home office', ' azure cognitive services', 'persistent systems', 'oracle', 'serve robotics', 'examsoft', ' itoconnect', 'microsoft', 'google docs', 'unnamed automated transcription software developer', 'accessibe', 'meta platforms', ' obiyan infotech', 'stm', ' ibm', 'axon enterprise', ' life360', 'eab', 'dataworks plus', 'sarawak information systems', ' microsoft', ' uk home office', 'microsoft designer', 'optum', 'hive box', 'transaction cloud', 'bytedance', ' outlook']","['a software engineer named mark', ' microsoft employees', ' microsoft', ' uk home office', 'my_handy_design', ' enterprise teams', ' stack overflow', 'roomba j7 device owners in project io', ' wlkp24.info', 'softbank', 'knightscope', 'microsoft']"
Disinformation Campaigns Targeting Public Figures,94,"[' spamouflage', 'spamouflage dragon']","['morphotrak', ' spamouflage']","[' cathie wood', 'rana ayyub']"
Media Entities and Individuals Influencing Global Discourse,95,"['vkontakte', 'frauke zeller']","['rhema vaithianathan', ' sagar vishnoi', ' lexisnexis', 'frauke zeller']","[' volodymyr zelenskyy', 'zelda williams', 'marietje schaake', 'frauke zeller', ' volodymyr zelensky', 'wolf blitzer', 'shophie wilmes', 'olena zelenska', 'volodymyr zelenskyy', ' james nachtwey']"
Search and Chat Platforms Transforming User Engagement,96,"[' bing', ' bing users']",[],"[' waze users', 'potential users of the savey meal bot', ' blenderbot 3 users', ' chatbot users', ' microsoft copilot users', ' bing chat users', 'bing users', ' figma users']"
AI and Social Platforms Shaping User Experiences,97,"['weibo', ' inflection', 'the good guys', 'pimeyes', 'grab', ' midjourney', 'dudesy', ' will sasso', ' allstate', 'cigna', ' pimeyes', ' bar lanyado', 'smart columbus', "" hardee's"", 'the dao', 'coffee meets bagel', 'deliveroo', ' chai', 'cios', 'chai', 'dall e', 'onlyfake', 'ets', 'lovo', 'target', 'equivant', ' allhere', ' curious thing', 'shein', 'usaa', 'coupang', ' carribex']","['weibo', ' inflection', 'pimeyes', 'grab', 'hikvision', 'ledeai', 'dudesy', 'cigna', ' pimeyes', ' corsight', "" hardee's"", 'anyvision', 'bar lanyado', 'the dao', 'coffee meets bagel', 'allhere', 'deliveroo', ' trooly', ' chai', 'chai', 'midjourney', 'onlyfake', 'securos', ' zao', 'ets', 'lovo', 'target', 'honorlock', 'equivant', 'easymile', ' curious thing', 'shein', 'coupang', ' carribex']","['weibo', ' citigroup', ' top fight', ' shade zahrai', ' arup', ' luz', 'target', 'cios', 'all life on earth', ' dangdang', ' non native english speakers', 'immunefi', ' fans', ' lobna hemid', ' darn tough vermont', 'noyb', nan]"
Academic Labs Supporting Marginalized Students,98,"['university of massachusetts amherst', 'usc information sciences institute', ' more than 500 colleges', ""university of texas at austin's department of computer science"", 'heriot watt university', ' university of houston', ' texas aandm university', ' boston university', ' georgia state university', 'oregon state university', 'broward college', 'university of washington', 'university of illinois', 'unspecified university']","['usc information sciences institute', 'university of texas at austin researchers', 'heriot watt university', ' boston university', 'university of washington', 'stanford university']","['texas aandm university students', 'usc information sciences institute', ' texas officials', 'oregon state university', 'university of texas at austin phd applicants of marginalized groups']"
Tesla Ecosystem Impacting Users and Workers,99,"[' tesla drivers', 'unnamed tesla driver', 'tesla']",['tesla'],"['unnamed tesla owner', ' tesla engineer', ' tesla customers', ""unnamed uk based energy firm's ceo"", 'unnamed tesla driver', 'tesla workers', 'tesla drivers', ' tesla drivers', 'tesla', ' tesla users', ' tesla', 'tesla owner']"
